% The first three columns are year, month and day. The remaining 12 columns are average windspeeds in knots at 12 locations in Ireland on that day.
% Start by using the 'loadtxt' function from numpy to read the data into an array.
0,1,1,20.04,11.92,20.25,9.13,9.29,8.04,10.75,5.88,9.00,9.00,14.88,25.70
77,1,2,9.75,1.54,12.54,1.83,3.79,2.75,nan,1.21,2.33,4.58,nan,12.38
77,1,3,13.21,16.66,9.25,1.71,9.46,8.17,7.87,8.96,7.75,7.21,22.25,21.59
77,1,4,20.12,15.92,18.91,6.75,10.25,11.83,15.41,14.09,12.83,14.71,20.50,27.16
77,1,5,12.50,9.50,12.04,4.67,9.25,6.87,11.50,nan,8.33,9.75,13.33,18.08
77,1,6,5.09,0.96,6.87,0.37,1.79,2.00,8.04,1.54,4.12,5.58,10.08,17.88
0,1,7,5.29,3.00,6.67,1.67,4.25,3.54,8.04,1.54,6.58,6.34,8.29,16.46
77,1,8,8.54,6.46,8.25,4.42,nan,6.08,11.38,6.50,9.67,8.08,13.00,17.16
0,1,9,19.92,16.00,9.96,9.79,17.12,10.96,12.71,11.42,nan,11.08,20.12,20.96
77,1,10,18.16,13.59,16.46,nan,12.17,8.67,10.75,10.21,8.54,10.96,22.08,31.75
77,1,11,12.12,nan,13.17,4.25,5.13,3.17,7.62,4.75,3.54,3.58,12.75,15.09
77,1,12,7.79,1.75,7.54,1.21,5.54,1.42,4.96,2.88,1.87,1.67,7.17,11.04
77,1,13,26.92,19.12,24.96,14.09,18.46,13.59,17.04,12.62,12.58,14.17,13.79,22.95
0,1,14,25.84,15.79,24.54,15.00,16.66,13.50,22.08,9.67,14.58,21.04,18.38,34.29
77,1,15,17.75,11.79,14.42,10.41,11.04,9.79,11.75,6.34,8.63,9.92,12.04,17.96
77,1,16,8.04,5.50,6.46,1.29,3.63,1.67,7.17,1.75,2.79,4.00,3.54,nan
77,1,17,19.46,18.05,15.12,6.00,12.87,10.96,9.21,nan,8.21,8.58,12.12,16.08
77,1,18,11.42,8.21,15.37,7.08,9.92,11.58,14.83,9.00,10.83,14.09,11.25,nan
77,1,19,14.58,17.62,10.25,5.58,10.63,9.83,7.17,10.54,8.67,10.50,16.17,17.79
77,1,20,22.37,15.09,22.50,13.88,15.83,16.62,17.12,14.37,16.54,18.50,15.46,26.12
77,1,21,15.29,10.88,15.34,9.42,12.54,13.04,14.79,10.71,14.67,18.75,11.83,27.04
77,1,22,3.92,6.83,5.96,0.58,4.00,4.88,4.63,5.50,4.79,7.38,10.13,17.88
0,1,23,4.67,8.75,4.08,0.92,4.58,5.54,2.04,4.29,3.50,4.42,10.75,12.71
77,1,24,15.50,14.75,14.46,7.71,12.58,11.87,10.34,11.00,11.63,13.04,15.34,19.00
77,1,25,16.71,10.96,13.59,6.96,11.00,9.29,10.88,6.67,10.96,12.33,6.83,15.79
0,1,26,8.50,11.83,7.71,2.50,6.38,5.66,4.96,2.96,4.75,4.75,6.13,7.50
77,1,27,8.75,6.50,11.83,7.41,11.25,11.38,12.17,12.71,12.17,10.71,13.92,22.95
77,1,28,9.29,11.17,15.96,6.00,nan,8.29,8.58,8.08,8.87,9.17,8.63,14.09
0,1,29,6.21,6.08,nan,2.83,2.92,3.25,2.54,2.29,2.00,3.37,6.04,11.58
77,1,30,17.62,12.04,13.04,5.25,10.08,11.04,12.79,6.75,12.00,9.00,7.50,15.71
77,1,31,10.17,3.08,9.92,4.33,4.50,nan,4.75,1.29,1.87,2.92,3.54,10.79
0,2,1,11.83,9.71,11.00,4.25,nan,nan,6.17,5.66,8.29,7.58,11.71,16.50
77,2,2,16.38,13.33,15.54,8.79,11.12,10.75,9.21,9.25,11.21,11.34,12.46,17.75
77,2,3,14.21,14.04,13.88,7.46,11.67,11.58,18.29,9.50,12.67,12.92,16.08,20.04
77,2,4,13.88,15.09,12.17,4.00,11.00,10.88,10.50,7.46,9.33,9.17,11.50,15.75
77,2,5,14.58,14.75,12.67,5.96,10.21,8.71,10.08,7.00,7.83,9.08,13.96,17.83
77,2,6,19.38,17.79,15.96,6.04,10.75,nan,7.58,5.79,7.25,5.71,8.25,13.13
0,2,7,18.75,18.96,15.04,10.00,15.63,12.50,16.66,9.96,12.87,10.58,13.79,14.42
77,2,8,5.46,8.96,7.62,3.17,6.63,7.83,7.96,3.04,5.88,3.71,4.17,8.79
0,2,9,9.67,10.50,10.25,4.00,7.00,9.25,9.96,4.75,9.13,6.34,6.21,15.04
77,2,10,11.75,8.46,10.08,6.34,11.96,9.92,12.25,8.87,10.21,3.58,12.12,27.84
0,2,11,3.13,2.62,7.08,2.13,3.50,6.34,9.13,3.08,7.25,4.63,7.33,26.25
77,2,12,6.04,6.83,6.29,1.63,4.17,nan,5.25,2.92,5.54,6.54,7.04,nan
77,2,13,8.12,5.58,9.83,2.17,7.71,6.38,5.46,4.96,6.96,7.75,8.46,12.04
0,2,14,11.34,9.59,7.46,2.08,7.25,2.92,8.21,1.96,4.29,4.08,nan,6.83
0,2,15,13.70,12.21,11.63,4.75,10.13,10.96,11.50,8.08,9.54,8.54,11.83,nan
0,2,16,5.58,8.54,nan,1.13,6.67,6.87,5.91,4.50,6.00,nan,11.08,12.83
0,2,17,17.71,15.12,nan,7.62,14.29,11.75,11.04,10.04,9.50,nan,11.71,15.87
77,2,18,11.46,9.67,10.17,5.37,8.75,8.04,15.09,8.21,11.29,12.12,14.21,17.33
0,2,19,14.42,11.92,10.79,7.12,10.63,10.00,13.04,9.71,11.25,9.83,11.79,12.92
77,2,20,11.63,10.21,11.25,4.83,8.25,8.83,9.08,7.00,8.63,7.92,9.33,21.59
77,2,21,9.83,9.87,8.46,2.08,8.33,5.00,3.83,8.96,6.08,10.21,13.50,23.09
0,2,22,10.17,15.09,nan,4.58,11.46,9.87,10.96,11.83,9.75,11.34,16.83,19.92
0,2,23,12.54,15.21,20.62,10.25,14.37,14.37,17.92,13.50,14.75,15.37,17.12,24.37
77,2,24,8.67,8.87,10.88,5.63,11.46,10.29,17.71,nan,12.04,13.29,nan,27.00
77,2,25,5.50,3.08,13.00,2.13,3.17,6.58,10.46,6.50,7.41,8.67,nan,14.71
77,2,26,14.62,14.33,nan,3.42,11.34,7.58,8.71,8.75,6.46,6.04,9.42,11.63
77,2,27,25.41,24.79,22.58,11.50,20.41,17.79,17.92,16.62,14.67,12.00,15.79,23.21
77,2,28,19.67,18.05,19.38,10.46,17.33,15.63,16.71,14.21,14.88,10.96,16.38,20.54
77,3,1,8.63,14.83,10.29,3.75,6.63,8.79,5.00,8.12,7.87,6.42,13.54,13.67
0,3,2,12.62,15.34,15.59,nan,13.04,12.87,13.25,12.21,13.29,13.04,22.46,22.17
77,3,3,11.12,12.50,12.92,7.29,11.21,10.25,16.71,11.96,14.79,14.29,18.25,23.29
77,3,4,12.67,11.08,11.54,6.92,11.75,10.79,18.66,13.79,nan,13.50,17.92,24.92
77,3,5,8.29,8.08,10.67,2.92,5.91,7.04,11.04,6.83,7.08,8.58,10.67,17.33
77,3,6,11.87,15.09,11.29,8.25,13.83,12.54,9.42,nan,12.54,8.96,9.67,12.50
0,3,7,16.58,15.96,14.92,7.21,13.13,12.50,14.00,11.92,12.12,nan,15.96,18.79
0,3,8,26.20,24.00,18.66,13.33,20.50,18.38,17.67,18.54,18.05,19.79,29.29,27.37
77,3,9,21.17,15.96,15.16,9.83,17.46,13.62,16.88,13.75,14.42,15.50,16.38,21.71
77,3,10,33.84,26.92,24.41,20.08,23.75,20.58,20.21,18.71,21.92,22.75,23.09,nan
77,3,11,14.33,12.42,13.13,7.41,14.92,12.12,14.29,11.12,13.42,13.50,14.62,22.46
0,3,12,9.79,9.29,nan,4.12,8.92,7.75,9.67,6.00,8.21,5.63,8.08,13.25
77,3,13,12.92,11.92,15.29,5.88,9.79,nan,13.33,8.79,10.46,9.92,11.12,16.13
77,3,14,17.46,17.79,14.71,7.75,16.38,11.38,16.33,12.29,13.29,nan,nan,20.62
77,3,15,28.33,19.55,22.00,16.79,18.88,15.67,19.79,16.42,18.46,nan,19.87,26.16
77,3,16,24.75,18.84,17.25,11.63,15.21,13.21,15.34,14.79,14.88,16.29,22.92,nan
77,3,17,27.50,18.75,20.21,14.46,17.00,14.88,18.34,17.50,15.96,17.54,20.88,23.54
77,3,18,16.79,14.62,14.04,7.33,nan,13.08,15.41,12.54,nan,12.17,13.88,nan
77,3,19,21.29,15.75,12.12,8.83,14.67,11.38,11.08,12.58,9.54,9.50,14.46,13.62
77,3,20,16.79,11.83,25.04,8.50,11.83,10.41,17.41,9.21,9.79,10.83,15.75,16.88
77,3,21,14.54,11.08,28.25,9.75,10.46,8.58,18.21,7.38,10.79,7.71,9.79,nan
77,3,22,10.54,8.29,17.71,5.71,6.92,8.08,13.50,7.00,7.29,7.00,8.54,14.46
77,3,23,9.33,3.96,8.67,2.88,6.54,5.46,12.08,5.13,nan,7.33,7.92,18.29
77,3,24,11.58,nan,4.96,2.79,9.42,6.00,9.71,5.25,6.00,5.66,5.41,10.29
0,3,25,19.12,19.50,14.62,7.58,17.67,14.25,12.08,12.92,10.58,8.75,12.79,14.04
77,3,26,14.75,13.67,13.50,7.25,15.21,12.87,12.54,12.25,nan,6.96,12.04,17.58
77,3,27,14.50,15.09,30.84,nan,12.87,12.08,19.33,13.42,12.17,12.87,19.79,24.13
77,3,28,12.17,8.38,21.34,5.91,nan,5.37,10.13,5.04,6.34,9.33,6.58,14.67
0,3,29,8.58,5.50,5.54,2.04,3.58,4.71,7.79,4.54,4.58,5.54,13.67,12.62
77,3,30,25.04,19.50,20.38,13.13,18.79,16.75,14.12,15.92,16.71,19.17,28.42,29.79
77,3,31,26.16,22.17,24.08,13.79,21.67,18.41,19.46,nan,19.46,19.70,26.96,25.12
77,4,1,21.67,nan,17.33,13.59,20.83,15.96,25.62,17.62,19.41,20.67,24.37,30.09
77,4,2,12.17,6.79,10.13,6.17,9.21,8.67,12.33,9.08,9.62,11.29,13.54,22.79
77,4,3,19.70,12.46,20.04,10.08,13.29,12.25,14.92,11.83,11.67,15.34,20.00,30.04
0,4,4,12.96,9.21,9.21,5.00,6.17,5.96,9.38,5.41,7.04,7.46,12.25,14.92
77,4,5,8.63,7.25,7.25,4.33,7.21,7.17,11.17,5.96,7.83,9.46,10.79,16.46
77,4,6,14.37,13.21,15.04,8.46,nan,11.38,15.67,10.79,11.34,17.83,18.25,27.54
77,4,7,18.12,14.71,17.75,nan,nan,11.00,13.17,10.00,9.96,15.12,16.33,22.46
77,4,8,15.75,9.79,10.21,5.91,10.13,8.58,8.63,nan,8.08,8.33,15.54,13.33
0,4,9,11.50,9.96,9.79,4.21,7.58,7.62,6.13,4.33,5.63,6.92,6.75,9.62
77,4,10,17.33,12.83,9.96,nan,11.67,nan,13.83,8.33,9.83,10.00,12.46,15.75
77,4,11,11.96,10.96,11.04,6.04,11.34,10.08,13.04,10.17,10.67,9.17,14.71,15.00
77,4,12,17.21,15.71,13.62,10.50,18.34,15.54,nan,16.38,16.62,15.41,18.25,22.21
77,4,13,19.29,13.42,12.54,10.25,15.29,12.87,18.54,10.83,12.21,16.50,16.46,22.50
77,4,14,14.79,8.54,10.46,6.83,10.88,8.96,14.12,nan,9.29,nan,10.58,17.83
77,4,15,6.87,6.21,5.88,1.96,2.42,3.50,8.00,2.79,2.67,4.54,8.00,7.41
0,4,16,11.08,9.75,9.75,3.54,7.21,7.04,8.42,4.92,4.83,5.50,10.37,11.17
77,4,17,7.08,6.04,14.12,4.04,5.25,5.83,8.58,3.67,5.13,6.96,12.96,nan
0,4,18,9.79,9.62,9.17,3.67,8.92,9.13,8.21,6.87,8.00,7.17,7.33,9.79
77,4,19,8.12,6.67,10.34,2.75,nan,5.71,7.75,5.21,5.29,6.79,9.17,15.87
77,4,20,13.13,13.67,14.54,7.21,9.67,10.25,14.29,12.04,12.12,11.04,18.34,15.37
0,4,21,21.59,19.75,19.70,nan,15.37,13.17,nan,16.62,15.34,15.59,22.79,18.63
77,4,22,20.30,17.58,20.04,12.46,21.25,15.59,26.42,16.33,18.12,18.71,23.75,22.63
77,4,23,16.96,18.12,14.50,10.63,16.88,12.38,20.25,11.46,12.83,12.00,nan,20.12
0,4,24,14.29,13.67,12.54,7.21,10.54,10.04,13.21,9.17,10.29,8.79,14.33,13.08
77,4,25,17.96,14.96,16.79,9.04,14.21,12.92,14.50,15.87,13.21,16.04,25.21,26.63
77,4,26,13.70,nan,9.42,7.83,15.92,10.41,14.37,11.21,11.79,10.75,19.50,21.96
0,4,27,22.63,17.37,nan,11.17,15.50,12.38,17.54,7.79,12.25,11.75,16.66,nan
77,4,28,16.88,14.54,11.58,7.54,14.37,10.67,14.09,11.58,10.08,10.54,17.62,14.88
77,4,29,17.33,13.70,11.04,7.58,14.37,10.17,13.79,8.33,10.83,12.79,16.88,21.46
77,4,30,15.50,10.96,7.04,5.63,11.04,8.67,10.58,7.96,8.29,8.79,17.12,17.29
77,5,1,6.42,7.12,8.67,3.58,4.58,4.00,6.75,6.13,nan,4.50,19.21,12.38
77,5,2,6.63,5.29,10.75,nan,4.63,3.46,7.41,5.46,4.71,4.12,13.59,10.71
77,5,3,12.79,7.38,11.58,6.21,nan,7.21,11.04,6.75,nan,9.96,10.37,15.83
77,5,4,8.83,4.25,6.21,2.46,4.79,6.92,8.96,5.41,6.25,9.25,11.38,15.12
77,5,5,8.75,4.75,7.50,1.79,3.29,5.71,nan,3.08,3.17,3.50,8.25,12.08
77,5,6,7.58,6.71,8.54,3.67,6.87,7.50,9.87,nan,6.42,6.63,11.63,15.59
77,5,7,11.71,10.13,nan,8.87,12.67,11.63,17.08,13.00,13.00,nan,16.38,25.75
0,5,8,8.79,8.38,8.54,5.79,nan,7.17,8.87,5.37,6.42,nan,7.71,9.33
77,5,9,13.54,9.75,9.21,4.83,9.13,6.83,nan,4.96,5.09,3.71,8.21,6.87
77,5,10,5.41,8.17,7.62,3.67,4.42,6.21,7.67,4.04,4.58,5.04,12.33,12.87
0,5,11,17.41,14.71,16.66,7.71,14.09,11.58,nan,12.62,12.71,13.37,18.08,15.87
0,5,12,17.92,nan,9.17,6.38,12.04,9.46,10.75,7.67,8.42,9.62,14.96,18.21
0,5,13,7.96,5.00,nan,5.09,5.25,5.33,7.96,4.46,4.63,nan,8.21,11.92
77,5,14,8.42,nan,6.29,3.83,6.13,4.83,6.67,3.75,nan,3.13,7.75,7.62
0,5,15,14.21,12.67,17.04,5.75,8.75,9.17,8.71,7.79,6.34,6.29,11.04,nan
77,5,16,12.17,11.79,23.16,7.62,7.79,5.46,9.62,8.96,5.91,7.29,12.29,14.79
77,5,17,6.87,4.63,16.33,3.37,2.96,nan,5.09,3.37,4.71,3.58,4.63,9.71
77,5,18,3.88,4.42,12.21,1.25,2.33,1.50,4.71,2.42,4.12,5.09,9.46,9.92
77,5,19,4.54,5.41,5.96,1.83,2.21,2.96,4.50,5.25,3.67,2.04,13.25,8.83
77,5,20,6.38,6.04,15.63,4.17,2.79,6.25,10.83,3.13,7.46,4.38,5.71,12.92
77,5,21,12.71,7.41,22.46,nan,7.04,8.71,11.96,4.92,7.87,5.91,7.67,9.00
77,5,22,11.38,9.25,18.63,6.17,5.17,9.21,8.08,5.04,7.12,4.04,8.08,4.08
77,5,23,12.29,6.63,16.46,4.29,6.08,8.08,9.04,2.92,6.58,3.67,10.41,4.54
0,5,24,11.92,7.00,nan,4.50,7.33,8.83,nan,7.17,9.62,7.33,11.17,12.33
77,5,25,11.04,6.42,21.25,5.66,6.83,9.71,11.50,4.96,8.79,6.50,8.50,11.96
77,5,26,11.00,1.25,13.00,4.04,4.71,8.04,10.54,8.00,nan,7.92,9.92,15.50
77,5,27,6.87,6.75,6.17,4.33,8.04,6.83,9.04,6.38,9.42,7.50,8.42,16.08
77,5,28,4.21,5.04,5.88,1.63,4.33,3.75,7.29,3.54,3.79,nan,6.67,5.04
77,5,29,5.09,5.37,13.00,3.25,4.00,4.75,10.17,5.29,6.92,4.67,8.42,9.92
77,5,30,7.96,2.88,13.50,3.79,4.12,7.38,12.50,4.79,7.50,4.38,7.21,15.04
77,5,31,8.00,3.63,12.58,3.21,5.37,nan,7.58,2.37,5.75,4.29,5.71,9.96
77,6,1,7.08,5.25,9.71,2.83,2.21,3.50,5.29,1.42,2.00,0.92,nan,5.63
77,6,2,4.75,5.75,14.67,3.42,3.17,3.46,6.87,2.17,3.42,2.75,nan,2.58
77,6,3,9.62,5.13,6.17,5.71,8.17,5.50,8.50,4.79,4.00,5.71,7.83,12.21
77,6,4,16.71,7.21,10.58,6.21,11.34,9.50,12.83,9.62,10.50,9.92,13.54,14.54
0,6,5,17.79,11.75,11.17,7.75,15.92,10.41,13.04,9.17,10.54,11.46,14.09,nan
77,6,6,20.62,18.71,14.71,9.83,18.46,13.04,nan,13.29,12.87,12.71,21.34,21.84
77,6,7,17.62,11.17,11.21,6.79,13.29,8.17,11.67,9.04,7.87,9.54,16.13,18.79
77,6,8,9.00,nan,7.08,3.17,6.87,4.71,6.71,5.58,nan,5.63,11.08,13.25
77,6,9,7.41,8.50,12.83,3.00,6.67,3.75,nan,4.29,5.88,3.79,12.33,9.79
77,6,10,14.12,12.75,27.25,8.29,10.88,8.17,16.00,10.08,9.54,10.04,19.62,20.79
77,6,11,13.75,10.58,21.00,8.08,9.46,10.17,14.79,8.63,nan,10.96,18.34,19.12
77,6,12,7.00,nan,8.58,4.63,6.34,7.38,7.67,4.33,6.63,6.17,8.17,9.33
77,6,13,12.87,8.08,9.25,4.58,7.00,6.63,6.21,5.91,5.58,5.58,9.46,7.00
77,6,14,11.92,11.17,18.66,6.87,nan,8.79,11.08,8.75,9.33,9.29,13.62,16.62
77,6,15,7.21,9.21,20.50,4.79,6.08,6.87,11.00,5.54,7.46,7.54,14.00,9.83
77,6,16,8.50,2.58,nan,2.21,6.34,9.46,10.00,5.83,9.87,7.46,12.29,9.62
0,6,17,11.46,4.29,15.59,2.88,8.38,9.25,9.42,7.58,9.21,5.25,13.04,5.71
77,6,18,6.21,7.00,13.79,3.25,7.38,6.00,5.54,6.00,4.92,4.29,13.50,12.25
0,6,19,7.08,7.29,8.75,nan,7.21,5.58,4.00,6.87,6.50,5.83,10.50,12.00
77,6,20,4.83,4.54,12.54,1.96,4.88,2.83,4.00,1.00,3.37,1.46,9.29,4.88
77,6,21,4.83,4.38,10.75,2.04,5.63,2.25,2.96,2.21,1.67,2.42,5.79,4.79
0,6,22,6.00,3.25,nan,1.71,3.79,3.58,2.79,1.17,2.92,2.96,2.96,3.58
77,6,23,7.33,7.71,6.50,3.50,6.08,6.29,5.00,3.71,4.42,5.37,8.33,8.33
77,6,24,13.50,11.71,10.79,4.12,10.41,8.17,6.04,4.50,5.54,4.12,9.38,6.25
77,6,25,16.25,7.04,9.38,6.50,10.17,9.04,8.79,6.00,7.62,8.63,9.13,12.42
77,6,26,9.79,6.92,9.38,4.38,9.38,7.79,9.75,5.04,9.25,7.12,12.12,11.58
77,6,27,11.08,7.54,12.12,4.21,7.92,6.71,12.25,4.71,8.79,5.83,6.00,7.08
77,6,28,14.58,8.71,8.42,5.75,9.33,8.12,7.08,5.66,6.63,7.00,9.71,10.79
77,6,29,13.08,11.25,7.25,5.25,13.25,8.92,nan,7.00,7.46,6.25,12.46,12.54
77,6,30,19.21,17.46,16.00,9.21,17.83,12.25,14.96,8.04,12.71,11.50,nan,nan
77,7,1,15.41,16.29,17.08,6.25,11.83,11.83,12.29,10.58,10.41,7.21,17.37,7.83
0,7,2,15.59,15.87,15.34,8.46,nan,11.79,13.08,11.96,11.63,11.79,24.50,17.33
0,7,3,6.25,12.62,9.00,4.83,10.54,8.96,7.33,8.29,8.54,10.21,19.79,12.50
77,7,4,6.71,12.17,4.08,4.71,10.04,7.83,4.17,6.46,8.58,9.42,15.54,10.79
0,7,5,5.79,1.13,7.33,2.37,1.58,2.62,4.21,2.08,6.17,4.21,10.00,5.09
77,7,6,4.46,3.08,9.71,2.08,3.13,4.42,6.21,0.21,5.79,3.33,6.87,7.17
77,7,7,8.87,9.21,nan,1.92,8.12,4.21,4.29,5.25,2.83,nan,8.21,7.87
77,7,8,18.08,12.25,nan,7.04,10.37,7.58,8.42,7.92,nan,9.00,12.71,12.46
77,7,9,8.96,8.79,20.33,6.42,8.25,6.96,8.87,6.87,6.42,4.17,14.62,6.25
77,7,10,8.58,5.00,16.33,4.04,7.29,7.21,8.42,4.33,nan,6.00,10.46,4.50
77,7,11,7.25,4.17,15.71,3.46,2.83,nan,6.79,2.79,5.71,4.92,nan,5.58
77,7,12,6.58,2.75,12.50,3.13,6.08,7.67,9.04,5.09,7.17,3.75,14.58,6.17
77,7,13,4.63,nan,14.33,4.58,5.00,5.79,6.79,3.92,4.67,3.08,nan,5.04
77,7,14,4.79,2.46,8.46,2.75,4.42,2.67,6.17,nan,3.79,2.50,4.50,6.34
0,7,15,9.38,5.21,6.38,3.50,5.58,6.08,7.17,5.13,5.71,5.37,11.00,10.37
77,7,16,11.00,nan,7.54,3.46,6.58,4.29,9.08,5.66,5.50,5.09,12.46,13.50
77,7,17,18.63,13.54,14.17,8.79,15.54,11.29,14.17,12.08,nan,11.34,18.25,19.04
77,7,18,15.46,10.75,11.12,9.00,15.67,12.04,18.16,12.42,11.83,14.00,18.12,nan
77,7,19,14.04,12.71,11.00,7.92,15.59,12.04,17.50,11.63,12.46,10.67,17.92,18.00
77,7,20,16.25,9.33,10.63,7.96,11.71,9.25,15.29,7.62,10.21,11.83,11.63,18.21
77,7,21,5.50,8.42,7.92,2.96,8.46,6.46,7.83,2.71,7.38,5.88,10.37,10.00
77,7,22,8.04,10.37,9.67,4.25,9.96,nan,13.21,9.08,10.04,9.59,16.58,13.08
77,7,23,18.79,nan,15.92,8.87,13.21,12.04,15.50,12.83,12.75,15.25,18.08,19.04
0,7,24,13.33,13.62,11.50,9.38,15.12,11.58,17.21,11.83,11.63,12.71,16.92,23.21
0,7,25,20.33,16.25,13.67,nan,15.59,12.29,15.41,9.83,11.04,13.33,15.34,23.29
77,7,26,12.79,7.92,8.21,5.71,11.42,7.33,11.58,6.46,7.79,nan,10.63,15.63
77,7,27,13.17,7.87,6.46,5.25,9.38,6.71,9.42,4.83,7.12,nan,9.83,11.00
0,7,28,10.63,7.00,11.42,4.63,6.96,6.25,9.21,5.75,6.96,7.58,9.00,12.96
77,7,29,8.75,3.96,6.87,3.92,4.42,4.79,7.38,2.04,4.54,4.08,9.96,11.71
77,7,30,10.88,7.04,5.17,4.25,7.54,6.17,7.41,4.29,6.87,7.71,8.12,12.79
0,7,31,8.42,3.88,7.08,4.33,3.63,3.50,7.21,2.00,4.08,4.67,6.87,12.29
77,8,1,4.33,2.96,4.42,2.33,0.96,1.08,nan,1.87,2.33,2.04,10.50,9.83
77,8,2,5.46,5.00,7.96,2.88,6.17,4.50,8.87,3.00,4.71,4.17,nan,10.29
77,8,3,11.29,6.58,9.54,4.67,7.00,5.83,9.62,4.33,7.12,4.50,11.42,10.41
77,8,4,16.79,14.12,15.16,7.17,13.59,10.79,14.88,9.59,13.00,11.71,15.41,15.79
77,8,5,8.75,8.87,11.42,4.92,5.04,5.46,9.00,4.42,nan,6.83,9.46,13.00
0,8,6,6.71,2.71,13.37,2.88,1.71,2.79,6.34,1.75,3.54,2.75,4.58,7.29
77,8,7,4.54,3.67,6.75,2.29,1.54,2.37,7.04,1.04,3.96,3.50,4.25,7.38
77,8,8,3.92,3.08,4.54,1.42,1.92,2.17,4.46,1.38,3.63,2.79,3.75,9.87
77,8,9,5.79,2.50,5.46,1.92,nan,1.96,3.71,1.13,2.33,1.79,5.91,5.04
0,8,10,5.04,10.25,5.41,3.79,6.63,5.37,5.83,3.75,5.75,5.88,nan,9.83
77,8,11,6.87,11.87,5.79,5.25,8.67,7.54,6.50,4.58,7.21,6.25,11.79,11.08
0,8,12,6.29,13.25,4.75,3.54,9.29,7.17,7.21,3.67,5.54,7.00,6.04,12.25
0,8,13,12.00,16.33,4.88,3.88,10.63,7.54,6.54,6.29,7.08,6.75,12.96,nan
77,8,14,7.58,6.67,6.96,5.46,7.50,8.63,7.87,5.33,7.17,5.83,9.75,11.75
77,8,15,3.17,nan,7.08,2.75,1.13,3.71,7.67,1.00,5.63,5.33,5.63,12.54
77,8,16,11.71,7.79,18.00,6.21,7.71,9.25,15.37,7.54,10.75,8.38,10.21,16.00
77,8,17,13.67,nan,27.88,10.00,10.75,10.63,19.17,8.12,11.34,10.46,13.13,11.92
77,8,18,10.08,4.83,18.00,4.04,5.41,4.25,nan,3.75,4.96,3.46,7.62,6.29
77,8,19,6.50,3.42,11.75,3.42,4.46,4.17,7.12,1.33,4.29,nan,5.04,3.96
77,8,20,10.88,5.58,nan,5.41,6.58,4.88,7.46,nan,nan,3.96,6.58,3.08
77,8,21,11.83,5.37,8.63,4.58,4.12,2.79,7.96,2.83,4.38,1.50,6.50,8.50
77,8,22,6.79,6.21,15.21,3.63,3.50,4.29,9.21,1.54,4.67,3.92,4.71,11.21
0,8,23,11.83,12.42,10.04,6.63,12.67,8.67,8.54,6.83,7.96,7.21,10.63,10.50
77,8,24,13.62,9.25,17.00,6.54,8.83,11.00,16.29,6.04,10.83,12.58,8.83,23.42
77,8,25,11.04,9.59,9.96,3.96,11.42,7.62,9.67,3.33,7.79,4.58,8.21,6.79
77,8,26,9.92,12.33,9.21,5.29,13.00,7.25,10.67,9.21,7.25,9.21,18.84,24.08
77,8,27,19.38,11.08,nan,8.00,9.13,8.38,10.54,5.66,7.17,7.08,10.00,14.29
0,8,28,10.88,11.25,10.29,2.71,6.79,7.79,nan,12.00,9.13,8.75,22.29,20.67
77,8,29,12.17,8.21,11.34,5.17,9.67,8.00,11.58,10.00,9.25,9.50,17.67,20.88
77,8,30,9.79,3.58,8.92,nan,3.21,4.17,7.46,1.87,2.96,1.58,9.54,5.96
0,8,31,7.62,7.29,10.75,3.50,4.79,4.75,7.46,4.83,4.58,3.96,11.75,10.58
77,9,1,17.37,16.33,16.83,8.58,nan,11.83,15.09,13.92,13.29,13.88,23.29,25.17
77,9,2,12.75,11.87,11.17,6.54,12.92,10.25,14.37,11.04,10.41,12.50,18.96,24.25
77,9,3,11.12,11.75,9.38,4.63,10.00,8.46,12.12,9.17,7.67,8.04,19.38,19.12
77,9,4,19.25,15.83,17.00,7.50,15.04,12.54,16.04,12.71,13.04,15.04,21.71,26.12
77,9,5,9.00,10.50,8.17,nan,9.71,nan,11.63,nan,9.25,8.58,16.25,20.58
0,9,6,16.66,12.42,nan,7.92,12.12,9.21,14.46,8.00,10.29,9.75,14.25,17.00
77,9,7,6.46,3.17,4.75,1.08,3.37,4.21,8.17,2.75,4.88,4.33,11.50,17.33
77,9,8,10.92,7.46,8.38,nan,9.21,7.21,10.58,5.13,8.33,6.87,12.00,14.54
77,9,9,11.38,11.34,nan,5.33,8.42,8.50,11.75,8.83,8.21,nan,15.87,17.29
77,9,10,15.75,15.54,18.50,8.83,13.88,11.04,20.46,11.08,12.46,9.79,17.21,15.41
77,9,11,10.29,8.75,12.25,6.21,10.29,10.83,nan,10.67,12.42,12.08,17.12,22.92
77,9,12,8.79,6.96,8.92,4.17,3.04,4.38,7.92,2.75,4.25,5.50,7.00,14.09
77,9,13,3.88,4.42,4.29,1.54,2.79,2.83,4.58,2.88,3.92,3.92,9.21,11.87
77,9,14,3.21,3.54,4.92,1.63,2.29,3.04,nan,1.63,4.75,5.21,9.29,17.04
77,9,15,4.58,2.25,8.71,1.38,2.46,nan,2.42,0.42,1.79,0.83,4.83,8.58
77,9,16,12.04,5.21,11.25,3.63,7.71,8.12,13.46,7.41,9.33,6.96,10.71,16.17
77,9,17,12.71,12.71,14.00,nan,9.38,7.50,10.58,6.04,6.96,5.71,11.00,14.04
77,9,18,10.34,6.54,13.96,3.21,5.46,5.83,8.38,3.00,5.00,4.04,8.58,nan
77,9,19,9.92,4.63,11.83,3.33,3.67,4.50,8.50,2.42,4.58,3.42,6.92,7.29
77,9,20,9.38,nan,10.37,2.96,5.37,4.79,7.50,2.83,4.96,4.21,7.29,8.87
0,9,21,6.46,2.71,8.21,2.42,4.29,2.83,5.13,0.29,1.67,0.29,4.33,2.08
77,9,22,8.92,11.42,7.00,1.87,nan,3.29,5.00,3.67,4.83,4.08,8.63,9.71
77,9,23,24.79,23.09,15.71,10.00,20.58,14.46,nan,12.46,11.71,11.75,16.79,18.25
0,9,24,17.00,13.13,18.38,10.41,14.37,16.08,20.12,12.58,14.75,17.79,17.54,27.04
77,9,25,13.83,12.46,12.46,4.46,11.12,8.42,11.08,10.29,8.92,9.00,15.16,16.88
77,9,26,12.50,12.04,12.08,6.04,9.71,8.87,8.67,10.21,9.54,10.34,14.92,15.59
0,9,27,14.50,15.54,11.67,7.58,10.37,nan,9.83,9.46,9.00,7.08,12.08,13.21
77,9,28,19.83,18.05,15.46,12.54,21.34,15.34,21.09,18.05,16.42,16.46,23.75,29.63
77,9,29,20.33,17.04,17.25,10.96,21.71,13.37,20.30,14.67,nan,15.04,23.79,28.84
0,9,30,20.21,18.25,17.75,10.41,19.70,13.13,21.12,16.04,15.75,15.37,22.17,nan
77,10,1,16.75,nan,12.25,9.42,16.38,11.38,18.50,13.92,14.09,14.46,22.34,29.67
0,10,2,7.41,5.46,7.62,2.92,6.75,5.33,10.79,6.17,7.83,7.00,9.75,nan
0,10,3,14.62,13.54,14.29,5.09,10.13,8.21,10.17,9.75,10.08,6.87,14.62,15.16
0,10,4,13.33,14.33,nan,5.63,12.79,8.63,11.21,9.59,9.92,7.71,14.79,16.29
77,10,5,7.33,nan,6.54,1.42,6.63,4.58,7.75,5.83,7.00,6.87,11.54,15.71
0,10,6,17.25,18.08,21.00,8.75,11.75,8.17,14.96,12.00,10.63,10.08,19.79,21.67
77,10,7,9.75,8.96,9.08,4.58,9.75,7.33,10.88,9.87,9.13,9.04,12.17,17.37
0,10,8,8.00,4.25,8.08,2.83,5.37,6.54,10.41,10.08,9.96,10.04,16.38,18.25
77,10,9,16.33,15.41,11.79,8.21,16.58,10.71,15.25,nan,11.79,9.75,17.58,13.46
77,10,10,12.21,11.54,7.62,nan,8.00,6.21,9.75,nan,6.75,6.34,9.04,13.21
77,10,11,25.92,20.46,20.96,13.46,18.05,13.67,16.29,17.37,16.58,17.46,24.25,24.04
77,10,12,16.83,15.83,14.67,8.25,16.50,12.87,16.71,17.92,14.83,17.12,26.58,28.46
77,10,13,13.88,14.83,11.79,nan,12.67,8.67,10.58,13.00,10.50,7.41,nan,15.83
77,10,14,13.21,14.04,13.08,7.46,13.62,10.37,12.54,12.12,12.79,7.92,15.21,20.25
77,10,15,17.00,18.08,15.67,8.38,15.46,14.58,nan,14.71,14.50,8.38,16.29,22.79
77,10,16,13.08,18.41,11.29,4.75,14.71,10.50,11.29,13.17,11.67,nan,16.21,20.38
0,10,17,12.50,nan,12.54,5.79,12.46,13.29,13.33,9.08,10.21,6.63,12.54,16.17
77,10,18,13.50,13.70,13.70,6.96,12.17,11.58,12.17,11.17,13.46,9.75,12.29,20.79
0,10,19,15.34,11.21,13.79,7.87,9.21,9.87,12.04,11.96,12.67,11.46,15.29,17.12
77,10,20,8.33,10.13,10.04,3.21,6.25,6.58,8.92,8.00,7.67,7.54,10.96,13.17
77,10,21,14.62,13.37,13.75,8.29,10.88,9.21,11.83,9.92,12.83,9.79,nan,12.58
77,10,22,18.25,11.50,15.16,6.13,9.25,nan,10.58,9.71,9.75,10.37,14.54,18.63
77,10,23,22.29,20.08,16.00,7.87,14.00,12.50,16.50,14.46,13.70,12.71,21.25,21.59
77,10,24,15.79,11.21,12.67,7.25,9.67,9.46,14.88,11.92,11.63,10.63,19.41,22.58
77,10,25,10.67,12.71,8.83,4.08,8.12,8.79,9.79,12.83,8.46,8.92,21.87,18.38
77,10,26,20.04,18.05,15.25,8.83,13.79,12.42,13.00,14.67,13.96,14.09,28.75,25.84
77,10,27,11.79,13.96,8.54,6.04,nan,8.50,13.25,nan,11.25,11.17,24.67,24.96
77,10,28,14.25,12.83,11.12,4.79,12.83,9.33,14.92,14.54,13.37,nan,22.67,23.42
77,10,29,23.91,18.41,16.42,10.96,14.46,12.08,14.37,16.21,14.50,16.50,25.66,25.41
77,10,30,27.71,nan,25.12,15.00,13.54,nan,nan,17.41,14.54,16.79,26.67,27.12
77,10,31,13.25,15.83,9.13,5.79,11.21,8.21,11.75,8.42,9.87,8.42,16.71,18.54
0,11,1,16.71,11.54,12.17,4.17,8.54,7.17,11.12,6.46,8.25,6.21,11.04,15.63
77,11,2,11.54,10.92,7.38,3.92,9.00,6.67,8.46,nan,7.50,6.42,15.16,15.50
77,11,3,15.59,18.91,12.33,8.75,15.46,9.96,18.29,12.79,12.42,nan,20.96,27.50
0,11,4,14.62,14.17,10.54,4.75,10.13,8.38,12.62,9.25,9.13,8.75,14.83,19.79
0,11,5,20.33,17.75,16.46,9.00,13.50,10.63,15.29,nan,12.42,12.96,16.96,20.38
77,11,6,20.38,19.67,15.63,9.17,14.50,12.12,nan,17.04,13.88,15.25,24.37,28.12
77,11,7,21.17,17.16,19.33,10.21,14.88,12.21,19.33,9.04,12.83,11.21,16.71,19.38
77,11,8,16.17,16.83,15.29,6.13,14.50,11.58,16.88,13.79,13.13,12.67,24.71,26.87
0,11,9,16.66,18.21,15.34,7.62,11.58,10.79,12.12,12.00,10.58,8.75,15.79,15.25
0,11,10,23.91,23.79,20.04,13.46,15.34,13.96,17.79,22.50,15.71,19.12,33.34,26.38
0,11,11,30.84,30.34,26.42,18.05,25.80,17.71,24.13,21.29,19.21,20.71,25.84,29.58
77,11,12,21.12,22.71,14.37,nan,21.59,12.58,19.29,16.38,14.33,12.83,23.42,30.13
77,11,13,15.25,13.96,11.54,8.75,14.29,10.96,16.21,13.25,13.54,13.21,18.75,27.75
77,11,14,27.92,25.25,19.33,18.71,28.46,19.50,28.16,24.00,20.79,22.58,30.91,38.66
0,11,15,23.21,17.83,13.54,12.50,16.13,nan,18.79,14.54,13.54,14.21,22.21,nan
77,11,16,18.79,18.63,12.62,nan,15.16,10.54,13.54,12.25,10.67,6.63,21.50,17.41
0,11,17,22.29,15.63,16.42,8.25,10.92,8.83,13.59,10.04,10.17,10.29,17.37,27.25
77,11,18,11.34,4.38,11.75,4.17,6.42,4.83,11.38,6.83,7.38,6.96,12.62,20.83
77,11,19,17.21,18.88,14.54,10.46,17.00,12.00,19.92,nan,14.67,13.17,22.25,29.29
77,11,20,20.46,18.66,16.71,8.08,10.41,7.71,13.33,9.83,10.41,8.71,17.16,26.08
0,11,21,20.38,16.25,18.46,10.00,10.88,9.92,14.17,11.58,12.08,11.63,20.75,31.42
77,11,22,16.29,10.63,12.21,6.08,8.42,8.00,13.46,9.17,9.83,10.63,14.92,24.21
77,11,23,18.00,19.87,15.00,11.42,19.38,13.75,23.83,19.70,17.37,16.58,26.38,34.83
77,11,24,18.46,13.00,14.00,9.87,9.50,9.54,17.08,10.63,10.34,14.79,14.25,nan
77,11,25,5.88,4.46,8.46,1.00,1.79,1.96,7.54,2.08,nan,1.79,2.13,8.12
0,11,26,9.83,11.63,5.33,0.25,3.92,nan,4.04,5.46,1.87,3.54,6.92,10.37
77,11,27,9.75,10.58,8.71,0.83,7.12,4.83,4.00,6.79,3.04,3.92,10.00,10.46
0,11,28,8.67,10.83,9.25,1.58,2.17,1.71,5.71,3.17,2.13,4.04,4.04,7.71
77,11,29,9.00,6.75,5.21,0.71,nan,0.96,1.87,nan,0.00,0.04,6.13,8.46
77,11,30,6.63,4.12,8.46,0.46,3.79,1.75,2.13,2.21,0.21,1.29,5.04,8.33
77,12,1,13.37,nan,12.42,2.37,5.79,6.13,8.96,7.38,6.29,5.71,8.54,12.42
77,12,2,21.79,15.12,20.96,10.25,15.96,15.00,20.33,14.54,14.83,14.17,nan,24.30
77,12,3,26.20,24.87,24.17,11.25,22.71,nan,24.08,18.96,17.88,18.38,19.55,29.95
0,12,4,25.17,23.91,22.04,11.54,22.00,21.34,22.46,21.84,16.21,18.16,22.54,28.12
0,12,5,16.33,17.04,19.25,9.21,14.29,14.00,20.21,15.34,13.83,nan,nan,25.84
77,12,6,10.63,4.38,15.09,5.75,7.96,8.75,18.34,13.46,nan,11.04,12.62,31.96
0,12,7,14.71,11.54,16.58,6.83,11.92,12.58,15.75,17.12,13.70,14.00,16.04,33.45
77,12,8,6.63,4.54,10.83,3.75,4.58,4.75,9.00,6.42,5.33,4.79,8.12,15.83
77,12,9,15.63,15.63,15.67,6.79,12.42,11.04,14.17,10.54,11.38,10.71,12.96,19.58
77,12,10,15.29,14.62,11.71,5.21,10.13,8.21,9.75,11.50,10.21,10.83,18.00,20.00
77,12,11,20.79,13.96,17.92,7.50,10.25,8.75,nan,7.92,8.92,7.46,9.50,11.21
0,12,12,11.71,14.09,11.25,5.71,12.62,8.38,12.33,7.71,9.38,7.29,11.67,12.42
0,12,13,11.38,13.04,12.38,3.58,8.63,8.75,13.42,13.17,10.37,10.13,16.66,15.04
77,12,14,10.96,11.42,11.79,2.96,7.00,7.92,13.79,13.96,9.38,11.38,19.67,21.75
0,12,15,7.75,12.08,6.75,2.21,6.54,4.50,7.58,7.75,6.25,5.54,9.04,12.58
77,12,16,8.25,9.17,6.79,3.33,7.08,5.46,6.54,3.75,7.21,5.09,7.46,12.67
77,12,17,5.41,4.83,7.38,1.21,4.00,1.71,2.67,1.25,1.33,0.67,2.29,9.87
0,12,18,4.92,2.21,5.09,1.13,2.37,2.33,2.71,nan,3.46,2.50,nan,7.54
0,12,19,7.50,7.71,6.25,3.37,9.17,6.71,4.79,4.12,6.71,4.04,nan,11.29
77,12,20,13.00,16.33,14.29,7.25,13.79,10.21,11.67,9.83,11.38,6.42,11.67,11.46
77,12,21,17.62,17.88,18.71,8.67,14.17,nan,14.17,13.88,11.87,10.50,13.83,24.33
77,12,22,19.70,nan,17.00,9.83,11.42,10.25,10.71,nan,10.83,11.29,13.83,17.62
77,12,23,19.58,15.16,17.79,9.87,11.58,10.41,12.96,8.17,8.92,7.29,11.42,12.79
0,12,24,17.79,14.25,14.75,11.67,17.67,12.62,21.75,13.54,15.25,12.96,16.88,23.16
77,12,25,10.29,8.54,9.33,3.17,8.21,6.46,10.96,8.67,9.62,7.50,13.08,15.34
77,12,26,11.96,14.58,9.75,4.08,10.54,7.75,11.96,9.87,10.92,7.79,nan,14.42
77,12,27,22.08,18.16,15.16,11.04,13.75,10.67,16.08,12.54,11.12,10.54,19.46,26.96
77,12,28,19.70,12.75,15.63,9.75,nan,nan,12.58,9.59,10.00,8.83,14.54,26.83
77,12,29,14.33,10.41,9.92,7.12,14.21,9.42,15.71,11.75,12.33,10.75,15.50,23.71
77,12,30,21.75,13.96,nan,10.88,17.29,11.21,16.83,14.58,13.00,12.00,16.33,26.30
77,12,31,15.09,7.62,8.79,7.08,10.63,7.58,15.59,11.54,nan,9.08,14.12,19.55
% THE END
